ma_xa,ten_xa,sap_nhap,tru_so,loai,cap,stt,dtich_km2,dan_so,matdo_km2,ma_tinh,ten_tinh,ndvi_mean,ndvi_std,ndvi_min,ndvi_max,count,alert_low_green
22828,Anh Dũng,"Ma Nới, Hòa Sơn",đang cập nhật,Xã,2,61,320.6,10300,32.13,56,Khánh Hòa,0.257,0.099,0.063,0.382,1504,False
22423,Ba Ngòi,"Ba Ngòi, Cam Phước Đông",đang cập nhật,Phường,2,8,78.2,31708,405.47,56,Khánh Hòa,0.534,0.025,0.379,0.72,11852,False
22795,Bác Ái,"Phước Tiến, Phước Thắng, Phước Chính",đang cập nhật,Xã,2,64,188.5,12270,65.09,56,Khánh Hòa,0.43,0.049,0.268,0.507,10410,False
22801,Bác Ái Đông,"Phước Đại, Phước Thành",đang cập nhật,Xã,2,63,235.2,9335,39.69,56,Khánh Hòa,0.372,0.078,0.189,0.465,6464,False
22786,Bác Ái Tây,"Phước Hòa, Phước Tân, Phước Bình",đang cập nhật,Xã,2,65,478.7,11090,23.17,56,Khánh Hòa,0.363,0.045,0.281,0.466,3399,False
22411,Bắc Cam Ranh,"Cam Nghĩa, Cam Phúc Bắc, Cam Thành Nam",đang cập nhật,Phường,2,5,134.0,43644,325.7,56,Khánh Hòa,0.624,0.065,0.476,0.79,5725,False
22615,Bắc Khánh Vĩnh,"Khánh Bình, Khánh Đông",đang cập nhật,Xã,2,33,144.2,9199,63.79,56,Khánh Hòa,0.693,0.053,0.535,0.841,5690,False
22333,Bắc Nha Trang,"Vĩnh Hòa, Vĩnh Hải, Vĩnh Phước, Vĩnh Thọ, Vĩnh Lương, Vĩnh Phương",đang cập nhật,Phường,2,2,97.0,128239,1322.05,56,Khánh Hòa,0.256,0.082,0.08,0.337,9596,False
22546,Bắc Ninh Hòa,"Ninh An, Ninh Sơn, Ninh Thọ",đang cập nhật,Xã,2,10,237.0,32329,136.41,56,Khánh Hòa,0.542,0.097,0.44,0.704,4137,False
22741,Bảo An,"Phước Mỹ, Bảo An, Thành Hải",đang cập nhật,Phường,2,45,18.5,45995,2486.22,56,Khánh Hòa,0.329,0.091,0.176,0.495,8015,False
22909,Cà Ná,"Phước Diêm, Cà Ná",đang cập nhật,Xã,2,51,63.9,24903,389.72,56,Khánh Hòa,0.73,0.07,0.589,0.896,9868,False
22465,Cam An,"Cam Phước Tây, Cam An Bắc (1 phần), Cam An Nam (1 phần)",đang cập nhật,Xã,2,32,122.0,19534,160.11,56,Khánh Hòa,0.702,0.033,0.591,0.764,3045,False
22435,Cam Hiệp,"Sơn Tân, Cam Hiệp Bắc (1 phần), Cam Hiệp Nam (1 phần), Cam Hòa (1 phần), Cam Tân (1 phần), Suối Tân (1 phần)",đang cập nhật,Xã,2,31,115.1,5000,43.44,56,Khánh Hòa,0.532,0.096,0.467,0.614,9502,False
22453,Cam Lâm,"Cam Đức (thị trấn), Cam Hải Đông, Cam Hải Tây, Cam Thành Bắc, Cam Hiệp Bắc (1 phần), Cam Hiệp Nam (1 phần), Cam Hòa (1 phần), Cam Tân (1 phần), Cam An Bắc (1 phần), Cam An Nam (1 phần), Suối Tân (1 phần)",đang cập nhật,Xã,2,29,149.9,86530,577.25,56,Khánh Hòa,0.602,0.022,0.499,0.786,6567,False
22432,Cam Linh,"Cam Thuận, Cam Lợi, Cam Linh",đang cập nhật,Phường,2,7,4.8,33052,6885.83,56,Khánh Hòa,0.459,0.044,0.264,0.641,3088,False
22420,Cam Ranh,"Cam Phú, Cam Lộc, Cam Phúc Nam",đang cập nhật,Phường,2,6,17.5,31237,1784.97,56,Khánh Hòa,0.646,0.043,0.564,0.727,984,False
22840,Công Hải,"Phước Chiến, Công Hải",đang cập nhật,Xã,2,58,124.3,14727,118.48,56,Khánh Hòa,0.419,0.074,0.352,0.552,10701,False
22504,Đại Lãnh,"Vạn Thạnh, Vạn Thọ, Đại Lãnh",đang cập nhật,Xã,2,18,171.0,25644,149.96,56,Khánh Hòa,0.353,0.059,0.248,0.442,10607,False
22657,Diên Điền,"Diên Sơn, Diên Phú, Diên Điền",đang cập nhật,Xã,2,25,63.7,38029,597.0,56,Khánh Hòa,0.317,0.027,0.252,0.429,1507,False
22651,Diên Khánh,"Diên Khánh (thị trấn), Diên An, Diên Toàn",đang cập nhật,Xã,2,23,18.4,45223,2457.77,56,Khánh Hòa,0.286,0.021,0.196,0.339,6875,False
22678,Diên Lạc,"Diên Thạnh, Diên Lạc, Diên Hòa",đang cập nhật,Xã,2,24,14.9,23325,1565.44,56,Khánh Hòa,0.465,0.068,0.278,0.557,1846,False
22660,Diên Lâm,"Xuân Đồng, Diên Lâm",đang cập nhật,Xã,2,26,117.8,16059,136.32,56,Khánh Hòa,0.409,0.059,0.311,0.5,1317,False
22672,Diên Thọ,"Diên Tân, Diên Phước, Diên Thọ",đang cập nhật,Xã,2,27,73.6,16692,226.79,56,Khánh Hòa,0.548,0.068,0.41,0.736,1446,False
22738,Đô Vinh,"Đô Vinh, Nhơn Sơn",đang cập nhật,Phường,2,46,62.0,33207,535.6,56,Khánh Hòa,0.158,0.065,0.072,0.296,11302,True
22780,Đông Hải,"Mỹ Bình, Mỹ Đông, Mỹ Hải, Đông Hải (1 phần)",đang cập nhật,Phường,2,43,11.0,54615,4965.0,56,Khánh Hòa,0.419,0.091,0.269,0.496,6478,False
22732,Đông Khánh Sơn,"Sơn Trung, Ba Cụm Bắc, Ba Cụm Nam",đang cập nhật,Xã,2,40,114.3,10376,90.78,56,Khánh Hòa,0.369,0.093,0.3,0.483,11993,False
22561,Đông Ninh Hòa,"Ninh Diêm, Ninh Hải, Ninh Thủy, Ninh Phước",đang cập nhật,Phường,2,13,134.2,43484,324.02,56,Khánh Hòa,0.267,0.035,0.099,0.391,9448,False
22591,Hòa Thắng,"Ninh Giang, Ninh Hà, Ninh Phú",đang cập nhật,Phường,2,14,78.6,26822,341.25,56,Khánh Hòa,0.507,0.095,0.394,0.653,9057,False
22558,Hòa Trí,"Ninh Thượng, Ninh Trung, Ninh Thân",đang cập nhật,Xã,2,17,109.4,26638,243.49,56,Khánh Hòa,0.411,0.083,0.333,0.541,1996,False
22714,Khánh Sơn,"Tô Hạp (thị trấn), Sơn Hiệp, Sơn Bình",đang cập nhật,Xã,2,38,98.7,11535,116.87,56,Khánh Hòa,0.33,0.071,0.166,0.443,5630,False
22609,Khánh Vĩnh,"Khánh Vĩnh (thị trấn), Sông Cầu, Khánh Phú",đang cập nhật,Xã,2,37,192.4,11204,58.23,56,Khánh Hòa,0.276,0.073,0.143,0.373,7108,False
22813,Lâm Sơn,"Lương Sơn, Lâm Sơn",đang cập nhật,Xã,2,60,191.5,24247,126.62,56,Khánh Hòa,0.675,0.064,0.559,0.811,7423,False
22822,Mỹ Sơn,"Phước Trung, Mỹ Sơn",đang cập nhật,Xã,2,62,248.1,15800,63.68,56,Khánh Hòa,0.628,0.093,0.542,0.824,2354,False
22480,Nam Cam Ranh,"Cam Lập, Cam Bình, Cam Thịnh Đông, Cam Thịnh Tây",đang cập nhật,Xã,2,9,92.6,23525,254.05,56,Khánh Hòa,0.514,0.039,0.347,0.647,914,False
22648,Nam Khánh Vĩnh,"Cầu Bà, Khánh Thành, Liên Sang, Sơn Thái",đang cập nhật,Xã,2,36,197.1,10271,52.11,56,Khánh Hòa,0.357,0.068,0.252,0.54,7665,False
22402,Nam Nha Trang,"Phước Hải, Phước Long, Vĩnh Trường, Vĩnh Thái, Phước Đồng",đang cập nhật,Phường,2,4,82.2,130164,1583.5,56,Khánh Hòa,0.718,0.085,0.662,0.77,2014,False
22597,Nam Ninh Hòa,"Ninh Lộc, Ninh Ích, Ninh Hưng, Ninh Tân",đang cập nhật,Xã,2,15,201.4,31293,155.38,56,Khánh Hòa,0.488,0.031,0.293,0.568,11290,False
22366,Nha Trang,"Vạn Thạnh, Lộc Thọ, Vĩnh Nguyên, Tân Tiến, Phước Hòa",đang cập nhật,Phường,2,1,47.1,136118,2889.98,56,Khánh Hòa,0.41,0.069,0.355,0.59,4507,False
22834,Ninh Chử,"Văn Hải, Khánh Hải (thị trấn)",đang cập nhật,Phường,2,44,20.4,39556,1939.02,56,Khánh Hòa,0.69,0.052,0.622,0.825,11187,False
22852,Ninh Hải,"Phương Hải, Tri Hải, Bắc Sơn",đang cập nhật,Xã,2,54,100.1,31115,310.84,56,Khánh Hòa,0.342,0.081,0.222,0.465,5406,False
22528,Ninh Hòa,"Ninh Hiệp, Ninh Đa, Ninh Đông, Ninh Phụng",đang cập nhật,Phường,2,11,35.8,58816,1642.91,56,Khánh Hòa,0.568,0.025,0.487,0.673,5533,False
22870,Ninh Phước,"Phước Dân (thị trấn), Phước Thuận, Phước Hải",đang cập nhật,Xã,2,47,65.4,70203,1073.44,56,Khánh Hòa,0.338,0.069,0.238,0.432,9266,False
22810,Ninh Sơn,"Tân Sơn (thị trấn), Quảng Sơn",đang cập nhật,Xã,2,59,99.3,32003,322.29,56,Khánh Hòa,0.307,0.089,0.172,0.459,10879,False
22759,Phan Rang,"Kinh Dinh, Phủ Hà, Đài Sơn, Đạo Long",đang cập nhật,Phường,2,42,9.4,72250,7686.17,56,Khánh Hòa,0.571,0.07,0.377,0.676,2712,False
22888,Phước Dinh,"An Hải, Phước Dinh, Đông Hải (1 phần)",đang cập nhật,Xã,2,53,154.0,35301,229.23,56,Khánh Hòa,0.287,0.046,0.097,0.402,5757,False
22900,Phước Hà,"Nhị Hà, Phước Hà",đang cập nhật,Xã,2,52,230.0,8900,38.7,56,Khánh Hòa,0.446,0.072,0.385,0.613,2100,False
22873,Phước Hậu,"Phước Vinh, Phước Sơn, Phước Hậu",đang cập nhật,Xã,2,49,74.7,49465,662.18,56,Khánh Hòa,0.498,0.047,0.32,0.69,8641,False
22891,Phước Hữu,"Phước Thái, Phước Hữu",đang cập nhật,Xã,2,48,177.7,35572,200.18,56,Khánh Hòa,0.263,0.073,0.188,0.462,8611,False
22708,Suối Dầu,"Suối Cát, Cam Hòa (1 phần), Cam Tân (1 phần), Suối Tân (1 phần)",đang cập nhật,Xã,2,30,160.1,24185,151.06,56,Khánh Hòa,0.589,0.03,0.417,0.712,2385,False
22702,Suối Hiệp,"Suối Tiên, Bình Lộc, Suối Hiệp",đang cập nhật,Xã,2,28,55.3,24159,436.87,56,Khánh Hòa,0.479,0.042,0.385,0.55,10745,False
22576,Tân Định,"Ninh Xuân, Ninh Quang, Ninh Bình",đang cập nhật,Xã,2,12,92.4,40481,438.11,56,Khánh Hòa,0.523,0.023,0.365,0.577,11778,False
22720,Tây Khánh Sơn,"Sơn Lâm, Thành Sơn",đang cập nhật,Xã,2,39,125.6,7847,62.48,56,Khánh Hòa,0.373,0.027,0.215,0.497,10652,False
22624,Tây Khánh Vĩnh,"Giang Ly, Khánh Thượng, Khánh Nam",đang cập nhật,Xã,2,35,294.3,7357,25.0,56,Khánh Hòa,0.402,0.064,0.224,0.463,9787,False
22390,Tây Nha Trang,"Ngọc Hiệp, Phương Sài, Vĩnh Ngọc, Vĩnh Thạnh, Vĩnh Hiệp, Vĩnh Trung",đang cập nhật,Phường,2,3,27.9,108065,3873.3,56,Khánh Hòa,0.447,0.039,0.25,0.515,9109,False
22552,Tây Ninh Hòa,"Ninh Tây, Ninh Sim",đang cập nhật,Xã,2,16,275.9,17540,63.57,56,Khánh Hòa,0.432,0.061,0.341,0.517,3921,False
22849,Thuận Bắc,"Bắc Phong, Phước Kháng, Lợi Hải",đang cập nhật,Xã,2,57,137.2,25744,187.64,56,Khánh Hòa,0.555,0.073,0.411,0.754,11815,False
22897,Thuận Nam,"Phước Nam, Phước Ninh, Phước Minh",đang cập nhật,Xã,2,50,140.8,27262,193.62,56,Khánh Hòa,0.496,0.09,0.335,0.57,4239,False
22612,Trung Khánh Vĩnh,"Khánh Trung, Khánh Hiệp",đang cập nhật,Xã,2,34,338.5,7772,22.96,56,Khánh Hòa,0.4,0.048,0.338,0.467,6647,False
22736,Trường Sa,"Trường Sa (thị trấn), Song Tử Tây, Sinh Tồn",đang cập nhật,Đặc khu,2,41,496.3,153,0.31,56,Khánh Hòa,0.151,0.045,0.002,0.338,8672,True
22498,Tu Bông,"Vạn Khánh, Vạn Long, Vạn Phước",đang cập nhật,Xã,2,19,99.6,29751,298.7,56,Khánh Hòa,0.626,0.045,0.528,0.769,9474,False
22525,Vạn Hưng,"Xuân Sơn, Vạn Hưng",đang cập nhật,Xã,2,22,86.1,18883,219.31,56,Khánh Hòa,0.462,0.029,0.388,0.623,4451,False
22489,Vạn Ninh,"Vạn Giã (thị trấn), Vạn Phú, Vạn Lương",đang cập nhật,Xã,2,21,130.5,54202,415.34,56,Khánh Hòa,0.346,0.073,0.214,0.449,5472,False
22516,Vạn Thắng,"Vạn Bình, Vạn Thắng",đang cập nhật,Xã,2,20,74.8,31625,422.79,56,Khánh Hòa,0.45,0.086,0.331,0.64,6121,False
22846,Vĩnh Hải,"Nhơn Hải, Thanh Hải, Vĩnh Hải",đang cập nhật,Xã,2,56,161.2,36879,228.78,56,Khánh Hòa,0.206,0.058,0.069,0.402,4756,False
22861,Xuân Hải,"Hộ Hải, Tân Hải, Xuân Hải",đang cập nhật,Xã,2,55,43.4,45104,1039.26,56,Khánh Hòa,0.693,0.065,0.547,0.827,4463,False
